set,day_of_week,went_to_school,session_time,using_own_gun,MPI_x,MPI_y,target_type,shot,sighted_direction,sighted_times
1,Friday,TRUE,afternoon,TRUE,0.65,0.12,paper,9,0,0
1,Friday,TRUE,afternoon,TRUE,0.65,0.12,electronic,9.5,0,0
1,Friday,TRUE,afternoon,TRUE,0.65,0.12,paper,9,0,0
1,Friday,TRUE,afternoon,TRUE,0.65,0.12,electronic,9.6,L,1
1,Friday,TRUE,afternoon,TRUE,0.65,0.12,electronic,9.5,0,0
1,Friday,TRUE,afternoon,TRUE,0.65,0.12,electronic,9.5,0,0
1,Friday,TRUE,afternoon,TRUE,0.65,0.12,electronic,9.3,0,0
1,Friday,TRUE,afternoon,TRUE,0.65,0.12,electronic,8.6,0,0
1,Friday,TRUE,afternoon,TRUE,0.65,0.12,electronic,10.4,0,0
1,Friday,TRUE,afternoon,TRUE,0.65,0.12,electronic,10.6,T,2
2,Friday,TRUE,evening,TRUE,-1.09,-1.19,paper,10,0,0
2,Friday,TRUE,evening,TRUE,-1.09,-1.19,electronic,10.4,0,0
2,Friday,TRUE,evening,TRUE,-1.09,-1.19,paper,9,0,0
2,Friday,TRUE,evening,TRUE,-1.09,-1.19,paper,9,L,1
2,Friday,TRUE,evening,TRUE,-1.09,-1.19,paper,9,0,0
2,Friday,TRUE,evening,TRUE,-1.09,-1.19,electronic,10.6,0,0
2,Friday,TRUE,evening,TRUE,-1.09,-1.19,paper,10,0,0
2,Friday,TRUE,evening,TRUE,-1.09,-1.19,paper,10,0,0
2,Friday,TRUE,evening,TRUE,-1.09,-1.19,electronic,9.6,0,0
2,Friday,TRUE,evening,TRUE,-1.09,-1.19,paper,10,0,0
3,Friday,TRUE,evening,TRUE,-0.35,0.78,electronic,9.8,0,0
3,Friday,TRUE,evening,TRUE,-0.35,0.78,paper,7,0,0
3,Friday,TRUE,evening,TRUE,-0.35,0.78,paper,7,0,0
3,Friday,TRUE,evening,TRUE,-0.35,0.78,paper,7,R,2
3,Friday,TRUE,evening,TRUE,-0.35,0.78,electronic,9.2,0,0
3,Friday,TRUE,evening,TRUE,-0.35,0.78,electronic,9.9,0,0
3,Friday,TRUE,evening,TRUE,-0.35,0.78,electronic,9.1,0,0
3,Friday,TRUE,evening,TRUE,-0.35,0.78,paper,9,0,0
3,Friday,TRUE,evening,TRUE,-0.35,0.78,paper,7,0,0
3,Friday,TRUE,evening,TRUE,-0.35,0.78,paper,7,0,0
4,Friday,TRUE,afternoon,TRUE,-0.28,0.75,paper,8,H,2
4,Friday,TRUE,afternoon,TRUE,-0.28,0.75,electronic,10.5,H,1
4,Friday,TRUE,afternoon,TRUE,-0.28,0.75,electronic,9.3,0,0
4,Friday,TRUE,afternoon,TRUE,-0.28,0.75,paper,9,0,0
4,Friday,TRUE,afternoon,TRUE,-0.28,0.75,paper,10,0,0
4,Friday,TRUE,afternoon,TRUE,-0.28,0.75,paper,9,T,2
4,Friday,TRUE,afternoon,TRUE,-0.28,0.75,paper,10,0,0
4,Friday,TRUE,afternoon,TRUE,-0.28,0.75,paper,10,0,0
4,Friday,TRUE,afternoon,TRUE,-0.28,0.75,electronic,10.3,0,0
4,Friday,TRUE,afternoon,TRUE,-0.28,0.75,paper,10,0,0
5,Friday,TRUE,evening,TRUE,1,-0.15,electronic,9.6,0,0
5,Friday,TRUE,evening,TRUE,1,-0.15,electronic,9.4,0,0
5,Friday,TRUE,evening,TRUE,1,-0.15,paper,8,H,2
5,Friday,TRUE,evening,TRUE,1,-0.15,electronic,10.5,0,0
5,Friday,TRUE,evening,TRUE,1,-0.15,electronic,10.3,0,0
5,Friday,TRUE,evening,TRUE,1,-0.15,paper,7,0,0
5,Friday,TRUE,evening,TRUE,1,-0.15,electronic,10.3,0,0
5,Friday,TRUE,evening,TRUE,1,-0.15,electronic,10,0,0
5,Friday,TRUE,evening,TRUE,1,-0.15,paper,10,0,0
5,Friday,TRUE,evening,TRUE,1,-0.15,electronic,9.3,0,0
6,Friday,TRUE,afternoon,TRUE,-0.1,1,electronic,9.6,0,0
6,Friday,TRUE,afternoon,TRUE,-0.1,1,electronic,9.4,0,0
6,Friday,TRUE,afternoon,TRUE,-0.1,1,electronic,9.6,0,0
6,Friday,TRUE,afternoon,TRUE,-0.1,1,electronic,10,0,0
6,Friday,TRUE,afternoon,TRUE,-0.1,1,paper,7,0,0
6,Friday,TRUE,afternoon,TRUE,-0.1,1,electronic,10.4,0,0
6,Friday,TRUE,afternoon,TRUE,-0.1,1,paper,8,0,0
6,Friday,TRUE,afternoon,TRUE,-0.1,1,electronic,10,0,0
6,Friday,TRUE,afternoon,TRUE,-0.1,1,paper,7,0,0
6,Friday,TRUE,afternoon,TRUE,-0.1,1,electronic,9.5,0,0
7,Friday,TRUE,evening,TRUE,0.9,0.94,paper,10,0,0
7,Friday,TRUE,evening,TRUE,0.9,0.94,electronic,9.6,0,0
7,Friday,TRUE,evening,TRUE,0.9,0.94,paper,9,0,0
7,Friday,TRUE,evening,TRUE,0.9,0.94,paper,7,0,0
7,Friday,TRUE,evening,TRUE,0.9,0.94,electronic,10,0,0
7,Friday,TRUE,evening,TRUE,0.9,0.94,paper,10,0,0
7,Friday,TRUE,evening,TRUE,0.9,0.94,paper,7,0,0
7,Friday,TRUE,evening,TRUE,0.9,0.94,electronic,10,T,1
7,Friday,TRUE,evening,TRUE,0.9,0.94,paper,7,0,0
7,Friday,TRUE,evening,TRUE,0.9,0.94,electronic,10.4,0,0
8,Friday,TRUE,afternoon,TRUE,0.55,0.14,electronic,8.7,0,0
8,Friday,TRUE,afternoon,TRUE,0.55,0.14,paper,8,0,0
8,Friday,TRUE,afternoon,TRUE,0.55,0.14,paper,7,0,0
8,Friday,TRUE,afternoon,TRUE,0.55,0.14,paper,9,0,0
8,Friday,TRUE,afternoon,TRUE,0.55,0.14,paper,8,0,0
8,Friday,TRUE,afternoon,TRUE,0.55,0.14,electronic,10.2,0,0
8,Friday,TRUE,afternoon,TRUE,0.55,0.14,electronic,10.3,0,0
8,Friday,TRUE,afternoon,TRUE,0.55,0.14,paper,7,T,1
8,Friday,TRUE,afternoon,TRUE,0.55,0.14,paper,8,0,0
8,Friday,TRUE,afternoon,TRUE,0.55,0.14,electronic,10,0,0
9,Friday,TRUE,evening,TRUE,1.01,1.03,electronic,10.9,H,2
9,Friday,TRUE,evening,TRUE,1.01,1.03,electronic,9.3,0,0
9,Friday,TRUE,evening,TRUE,1.01,1.03,electronic,10.2,0,0
9,Friday,TRUE,evening,TRUE,1.01,1.03,electronic,8.4,0,0
9,Friday,TRUE,evening,TRUE,1.01,1.03,paper,9,0,0
9,Friday,TRUE,evening,TRUE,1.01,1.03,paper,8,0,0
9,Friday,TRUE,evening,TRUE,1.01,1.03,paper,8,0,0
9,Friday,TRUE,evening,TRUE,1.01,1.03,electronic,9.9,0,0
9,Friday,TRUE,evening,TRUE,1.01,1.03,paper,7,0,0
9,Friday,TRUE,evening,TRUE,1.01,1.03,paper,10,0,0
10,Friday,TRUE,afternoon,TRUE,1.13,0.39,electronic,8.8,R,3
10,Friday,TRUE,afternoon,TRUE,1.13,0.39,electronic,9.8,0,0
10,Friday,TRUE,afternoon,TRUE,1.13,0.39,electronic,10.5,T,3
10,Friday,TRUE,afternoon,TRUE,1.13,0.39,paper,10,0,0
10,Friday,TRUE,afternoon,TRUE,1.13,0.39,paper,10,0,0
10,Friday,TRUE,afternoon,TRUE,1.13,0.39,electronic,10.1,0,0
10,Friday,TRUE,afternoon,TRUE,1.13,0.39,paper,9,0,0
10,Friday,TRUE,afternoon,TRUE,1.13,0.39,paper,10,0,0
10,Friday,TRUE,afternoon,TRUE,1.13,0.39,electronic,9.8,0,0
10,Friday,TRUE,afternoon,TRUE,1.13,0.39,paper,7,0,0
1,Saturday,FALSE,evening,TRUE,1.08,0.14,paper,7,0,0
1,Saturday,FALSE,evening,TRUE,1.08,0.14,electronic,9.3,0,0
1,Saturday,FALSE,evening,TRUE,1.08,0.14,paper,9,0,0
1,Saturday,FALSE,evening,TRUE,1.08,0.14,electronic,9.8,0,0
1,Saturday,FALSE,evening,TRUE,1.08,0.14,electronic,9.6,0,0
1,Saturday,FALSE,evening,TRUE,1.08,0.14,electronic,9.2,0,0
1,Saturday,FALSE,evening,TRUE,1.08,0.14,paper,7,0,0
1,Saturday,FALSE,evening,TRUE,1.08,0.14,paper,10,0,0
1,Saturday,FALSE,evening,TRUE,1.08,0.14,paper,8,0,0
1,Saturday,FALSE,evening,TRUE,1.08,0.14,paper,10,0,0
2,Saturday,FALSE,evening,TRUE,-0.81,0.15,paper,7,0,0
2,Saturday,FALSE,evening,TRUE,-0.81,0.15,paper,8,0,0
2,Saturday,FALSE,evening,TRUE,-0.81,0.15,paper,7,0,0
2,Saturday,FALSE,evening,TRUE,-0.81,0.15,electronic,9.4,0,0
2,Saturday,FALSE,evening,TRUE,-0.81,0.15,electronic,9.4,0,0
2,Saturday,FALSE,evening,TRUE,-0.81,0.15,electronic,10,0,0
2,Saturday,FALSE,evening,TRUE,-0.81,0.15,paper,7,0,0
2,Saturday,FALSE,evening,TRUE,-0.81,0.15,paper,8,T,2
2,Saturday,FALSE,evening,TRUE,-0.81,0.15,electronic,9.6,0,0
2,Saturday,FALSE,evening,TRUE,-0.81,0.15,paper,10,0,0
3,Saturday,FALSE,evening,TRUE,-0.23,-0.82,electronic,9.6,0,0
3,Saturday,FALSE,evening,TRUE,-0.23,-0.82,paper,7,0,0
3,Saturday,FALSE,evening,TRUE,-0.23,-0.82,paper,7,0,0
3,Saturday,FALSE,evening,TRUE,-0.23,-0.82,paper,7,L,1
3,Saturday,FALSE,evening,TRUE,-0.23,-0.82,paper,8,0,0
3,Saturday,FALSE,evening,TRUE,-0.23,-0.82,paper,9,0,0
3,Saturday,FALSE,evening,TRUE,-0.23,-0.82,electronic,9.5,0,0
3,Saturday,FALSE,evening,TRUE,-0.23,-0.82,paper,7,0,0
3,Saturday,FALSE,evening,TRUE,-0.23,-0.82,electronic,10.5,L,2
3,Saturday,FALSE,evening,TRUE,-0.23,-0.82,electronic,10.4,0,0
4,Saturday,FALSE,evening,TRUE,0.62,-0.02,electronic,9.5,0,0
4,Saturday,FALSE,evening,TRUE,0.62,-0.02,paper,9,0,0
4,Saturday,FALSE,evening,TRUE,0.62,-0.02,electronic,10.6,0,0
4,Saturday,FALSE,evening,TRUE,0.62,-0.02,electronic,8.5,0,0
4,Saturday,FALSE,evening,TRUE,0.62,-0.02,electronic,10.2,0,0
4,Saturday,FALSE,evening,TRUE,0.62,-0.02,paper,7,0,0
4,Saturday,FALSE,evening,TRUE,0.62,-0.02,paper,8,0,0
4,Saturday,FALSE,evening,TRUE,0.62,-0.02,electronic,9.3,0,0
4,Saturday,FALSE,evening,TRUE,0.62,-0.02,electronic,9.2,H,3
4,Saturday,FALSE,evening,TRUE,0.62,-0.02,electronic,10,0,0
5,Saturday,FALSE,evening,TRUE,0.71,-1.16,electronic,10.5,0,0
5,Saturday,FALSE,evening,TRUE,0.71,-1.16,paper,8,0,0
5,Saturday,FALSE,evening,TRUE,0.71,-1.16,paper,7,0,0
5,Saturday,FALSE,evening,TRUE,0.71,-1.16,electronic,8.5,0,0
5,Saturday,FALSE,evening,TRUE,0.71,-1.16,electronic,10.4,0,0
5,Saturday,FALSE,evening,TRUE,0.71,-1.16,electronic,10.2,0,0
5,Saturday,FALSE,evening,TRUE,0.71,-1.16,paper,9,0,0
5,Saturday,FALSE,evening,TRUE,0.71,-1.16,electronic,10.7,0,0
5,Saturday,FALSE,evening,TRUE,0.71,-1.16,paper,10,0,0
5,Saturday,FALSE,evening,TRUE,0.71,-1.16,paper,7,0,0
6,Saturday,FALSE,afternoon,TRUE,-0.77,1.23,electronic,9.6,0,0
6,Saturday,FALSE,afternoon,TRUE,-0.77,1.23,electronic,9.6,0,0
6,Saturday,FALSE,afternoon,TRUE,-0.77,1.23,paper,9,0,0
6,Saturday,FALSE,afternoon,TRUE,-0.77,1.23,paper,7,0,0
6,Saturday,FALSE,afternoon,TRUE,-0.77,1.23,paper,8,0,0
6,Saturday,FALSE,afternoon,TRUE,-0.77,1.23,electronic,10,0,0
6,Saturday,FALSE,afternoon,TRUE,-0.77,1.23,paper,8,0,0
6,Saturday,FALSE,afternoon,TRUE,-0.77,1.23,paper,8,0,0
6,Saturday,FALSE,afternoon,TRUE,-0.77,1.23,electronic,10.7,0,0
6,Saturday,FALSE,afternoon,TRUE,-0.77,1.23,electronic,10.5,0,0
7,Saturday,FALSE,afternoon,TRUE,0.21,-0.01,paper,8,T,3
7,Saturday,FALSE,afternoon,TRUE,0.21,-0.01,electronic,10.4,0,0
7,Saturday,FALSE,afternoon,TRUE,0.21,-0.01,paper,7,0,0
7,Saturday,FALSE,afternoon,TRUE,0.21,-0.01,paper,10,0,0
7,Saturday,FALSE,afternoon,TRUE,0.21,-0.01,electronic,10.1,0,0
7,Saturday,FALSE,afternoon,TRUE,0.21,-0.01,electronic,10,L,2
7,Saturday,FALSE,afternoon,TRUE,0.21,-0.01,paper,7,0,0
7,Saturday,FALSE,afternoon,TRUE,0.21,-0.01,paper,8,0,0
7,Saturday,FALSE,afternoon,TRUE,0.21,-0.01,paper,10,0,0
7,Saturday,FALSE,afternoon,TRUE,0.21,-0.01,paper,9,0,0
8,Saturday,FALSE,afternoon,TRUE,-0.04,-0.88,electronic,9.3,R,1
8,Saturday,FALSE,afternoon,TRUE,-0.04,-0.88,electronic,9.6,0,0
8,Saturday,FALSE,afternoon,TRUE,-0.04,-0.88,paper,9,0,0
8,Saturday,FALSE,afternoon,TRUE,-0.04,-0.88,electronic,10.4,R,1
8,Saturday,FALSE,afternoon,TRUE,-0.04,-0.88,electronic,10.2,0,0
8,Saturday,FALSE,afternoon,TRUE,-0.04,-0.88,paper,8,0,0
8,Saturday,FALSE,afternoon,TRUE,-0.04,-0.88,electronic,9.3,0,0
8,Saturday,FALSE,afternoon,TRUE,-0.04,-0.88,paper,8,0,0
8,Saturday,FALSE,afternoon,TRUE,-0.04,-0.88,electronic,9.7,R,2
8,Saturday,FALSE,afternoon,TRUE,-0.04,-0.88,electronic,9.7,T,2
9,Saturday,FALSE,evening,TRUE,-0.87,0.96,electronic,10.1,L,1
9,Saturday,FALSE,evening,TRUE,-0.87,0.96,paper,9,0,0
9,Saturday,FALSE,evening,TRUE,-0.87,0.96,paper,8,0,0
9,Saturday,FALSE,evening,TRUE,-0.87,0.96,paper,7,0,0
9,Saturday,FALSE,evening,TRUE,-0.87,0.96,paper,8,0,0
9,Saturday,FALSE,evening,TRUE,-0.87,0.96,electronic,9.8,0,0
9,Saturday,FALSE,evening,TRUE,-0.87,0.96,electronic,9.7,0,0
9,Saturday,FALSE,evening,TRUE,-0.87,0.96,paper,7,L,2
9,Saturday,FALSE,evening,TRUE,-0.87,0.96,paper,8,0,0
9,Saturday,FALSE,evening,TRUE,-0.87,0.96,electronic,10.6,0,0
10,Saturday,FALSE,evening,TRUE,1.08,-1.17,electronic,10.4,R,4
10,Saturday,FALSE,evening,TRUE,1.08,-1.17,electronic,10.8,0,0
10,Saturday,FALSE,evening,TRUE,1.08,-1.17,paper,10,0,0
10,Saturday,FALSE,evening,TRUE,1.08,-1.17,electronic,10,0,0
10,Saturday,FALSE,evening,TRUE,1.08,-1.17,paper,10,0,0
10,Saturday,FALSE,evening,TRUE,1.08,-1.17,electronic,10.1,0,0
10,Saturday,FALSE,evening,TRUE,1.08,-1.17,electronic,9.6,0,0
10,Saturday,FALSE,evening,TRUE,1.08,-1.17,electronic,9.7,T,1
10,Saturday,FALSE,evening,TRUE,1.08,-1.17,paper,8,0,0
10,Saturday,FALSE,evening,TRUE,1.08,-1.17,electronic,9.3,0,0
1,Saturday,FALSE,evening,TRUE,-0.69,-0.35,electronic,10.4,H,1
1,Saturday,FALSE,evening,TRUE,-0.69,-0.35,electronic,10.5,H,2
1,Saturday,FALSE,evening,TRUE,-0.69,-0.35,paper,9,0,0
1,Saturday,FALSE,evening,TRUE,-0.69,-0.35,paper,10,0,0
1,Saturday,FALSE,evening,TRUE,-0.69,-0.35,electronic,10,0,0
1,Saturday,FALSE,evening,TRUE,-0.69,-0.35,electronic,10,0,0
1,Saturday,FALSE,evening,TRUE,-0.69,-0.35,paper,7,0,0
1,Saturday,FALSE,evening,TRUE,-0.69,-0.35,electronic,9.7,0,0
1,Saturday,FALSE,evening,TRUE,-0.69,-0.35,electronic,8.1,H,1
1,Saturday,FALSE,evening,TRUE,-0.69,-0.35,paper,7,0,0
2,Saturday,FALSE,afternoon,TRUE,0.31,0.85,electronic,10.1,0,0
2,Saturday,FALSE,afternoon,TRUE,0.31,0.85,electronic,9.8,H,1
2,Saturday,FALSE,afternoon,TRUE,0.31,0.85,paper,7,T,1
2,Saturday,FALSE,afternoon,TRUE,0.31,0.85,electronic,10.5,0,0
2,Saturday,FALSE,afternoon,TRUE,0.31,0.85,electronic,10.1,0,0
2,Saturday,FALSE,afternoon,TRUE,0.31,0.85,paper,7,0,0
2,Saturday,FALSE,afternoon,TRUE,0.31,0.85,electronic,10,0,0
2,Saturday,FALSE,afternoon,TRUE,0.31,0.85,paper,10,0,0
2,Saturday,FALSE,afternoon,TRUE,0.31,0.85,electronic,10.5,0,0
2,Saturday,FALSE,afternoon,TRUE,0.31,0.85,paper,7,0,0
3,Saturday,FALSE,afternoon,TRUE,0.37,0.29,electronic,9.4,0,0
3,Saturday,FALSE,afternoon,TRUE,0.37,0.29,electronic,9.3,0,0
3,Saturday,FALSE,afternoon,TRUE,0.37,0.29,electronic,9.5,0,0
3,Saturday,FALSE,afternoon,TRUE,0.37,0.29,electronic,9.5,0,0
3,Saturday,FALSE,afternoon,TRUE,0.37,0.29,electronic,9.8,0,0
3,Saturday,FALSE,afternoon,TRUE,0.37,0.29,paper,7,0,0
3,Saturday,FALSE,afternoon,TRUE,0.37,0.29,electronic,10.4,0,0
3,Saturday,FALSE,afternoon,TRUE,0.37,0.29,electronic,10,0,0
3,Saturday,FALSE,afternoon,TRUE,0.37,0.29,electronic,9.9,0,0
3,Saturday,FALSE,afternoon,TRUE,0.37,0.29,electronic,10.3,0,0
4,Saturday,FALSE,evening,TRUE,-0.41,0.12,paper,8,0,0
4,Saturday,FALSE,evening,TRUE,-0.41,0.12,paper,7,0,0
4,Saturday,FALSE,evening,TRUE,-0.41,0.12,electronic,9.4,0,0
4,Saturday,FALSE,evening,TRUE,-0.41,0.12,paper,9,0,0
4,Saturday,FALSE,evening,TRUE,-0.41,0.12,paper,7,0,0
4,Saturday,FALSE,evening,TRUE,-0.41,0.12,electronic,10.8,0,0
4,Saturday,FALSE,evening,TRUE,-0.41,0.12,electronic,10.5,0,0
4,Saturday,FALSE,evening,TRUE,-0.41,0.12,electronic,9.9,0,0
4,Saturday,FALSE,evening,TRUE,-0.41,0.12,electronic,9.5,H,2
4,Saturday,FALSE,evening,TRUE,-0.41,0.12,electronic,9.9,0,0
5,Saturday,FALSE,evening,TRUE,-0.84,0.32,electronic,10.3,H,4
5,Saturday,FALSE,evening,TRUE,-0.84,0.32,electronic,9.5,R,3
5,Saturday,FALSE,evening,TRUE,-0.84,0.32,electronic,9.6,H,2
5,Saturday,FALSE,evening,TRUE,-0.84,0.32,electronic,10.5,0,0
5,Saturday,FALSE,evening,TRUE,-0.84,0.32,paper,7,0,0
5,Saturday,FALSE,evening,TRUE,-0.84,0.32,paper,9,0,0
5,Saturday,FALSE,evening,TRUE,-0.84,0.32,electronic,9.9,T,3
5,Saturday,FALSE,evening,TRUE,-0.84,0.32,paper,7,0,0
5,Saturday,FALSE,evening,TRUE,-0.84,0.32,electronic,10.2,0,0
5,Saturday,FALSE,evening,TRUE,-0.84,0.32,electronic,9.8,0,0
6,Saturday,FALSE,evening,TRUE,-0.58,0.63,paper,9,0,0
6,Saturday,FALSE,evening,TRUE,-0.58,0.63,paper,9,0,0
6,Saturday,FALSE,evening,TRUE,-0.58,0.63,electronic,10,0,0
6,Saturday,FALSE,evening,TRUE,-0.58,0.63,electronic,10.1,0,0
6,Saturday,FALSE,evening,TRUE,-0.58,0.63,paper,9,0,0
6,Saturday,FALSE,evening,TRUE,-0.58,0.63,electronic,9.3,0,0
6,Saturday,FALSE,evening,TRUE,-0.58,0.63,paper,7,0,0
6,Saturday,FALSE,evening,TRUE,-0.58,0.63,paper,10,0,0
6,Saturday,FALSE,evening,TRUE,-0.58,0.63,paper,7,0,0
6,Saturday,FALSE,evening,TRUE,-0.58,0.63,paper,9,0,0
7,Saturday,FALSE,afternoon,TRUE,1.07,1.04,paper,9,0,0
7,Saturday,FALSE,afternoon,TRUE,1.07,1.04,paper,7,0,0
7,Saturday,FALSE,afternoon,TRUE,1.07,1.04,electronic,10.5,T,4
7,Saturday,FALSE,afternoon,TRUE,1.07,1.04,paper,9,0,0
7,Saturday,FALSE,afternoon,TRUE,1.07,1.04,electronic,10.4,0,0
7,Saturday,FALSE,afternoon,TRUE,1.07,1.04,paper,7,0,0
7,Saturday,FALSE,afternoon,TRUE,1.07,1.04,paper,8,0,0
7,Saturday,FALSE,afternoon,TRUE,1.07,1.04,electronic,9.9,0,0
7,Saturday,FALSE,afternoon,TRUE,1.07,1.04,electronic,10.5,0,0
7,Saturday,FALSE,afternoon,TRUE,1.07,1.04,electronic,8.5,0,0
8,Saturday,FALSE,afternoon,TRUE,-1.02,1.18,paper,9,0,0
8,Saturday,FALSE,afternoon,TRUE,-1.02,1.18,paper,7,0,0
8,Saturday,FALSE,afternoon,TRUE,-1.02,1.18,paper,10,0,0
8,Saturday,FALSE,afternoon,TRUE,-1.02,1.18,paper,10,0,0
8,Saturday,FALSE,afternoon,TRUE,-1.02,1.18,paper,8,0,0
8,Saturday,FALSE,afternoon,TRUE,-1.02,1.18,paper,10,0,0
8,Saturday,FALSE,afternoon,TRUE,-1.02,1.18,paper,7,0,0
8,Saturday,FALSE,afternoon,TRUE,-1.02,1.18,electronic,10.2,0,0
8,Saturday,FALSE,afternoon,TRUE,-1.02,1.18,electronic,9.8,T,2
8,Saturday,FALSE,afternoon,TRUE,-1.02,1.18,paper,10,0,0
9,Saturday,FALSE,afternoon,TRUE,-0.68,-0.76,paper,8,0,0
9,Saturday,FALSE,afternoon,TRUE,-0.68,-0.76,electronic,10.7,0,0
9,Saturday,FALSE,afternoon,TRUE,-0.68,-0.76,electronic,9.6,0,0
9,Saturday,FALSE,afternoon,TRUE,-0.68,-0.76,paper,10,0,0
9,Saturday,FALSE,afternoon,TRUE,-0.68,-0.76,paper,10,0,0
9,Saturday,FALSE,afternoon,TRUE,-0.68,-0.76,paper,8,L,2
9,Saturday,FALSE,afternoon,TRUE,-0.68,-0.76,paper,10,0,0
9,Saturday,FALSE,afternoon,TRUE,-0.68,-0.76,electronic,10.3,0,0
9,Saturday,FALSE,afternoon,TRUE,-0.68,-0.76,electronic,10.5,0,0
9,Saturday,FALSE,afternoon,TRUE,-0.68,-0.76,electronic,9.8,0,0
10,Saturday,FALSE,afternoon,TRUE,-1.21,-1.25,paper,10,0,0
10,Saturday,FALSE,afternoon,TRUE,-1.21,-1.25,paper,8,0,0
10,Saturday,FALSE,afternoon,TRUE,-1.21,-1.25,electronic,10.2,0,0
10,Saturday,FALSE,afternoon,TRUE,-1.21,-1.25,electronic,10.2,H,3
10,Saturday,FALSE,afternoon,TRUE,-1.21,-1.25,paper,7,0,0
10,Saturday,FALSE,afternoon,TRUE,-1.21,-1.25,paper,8,0,0
10,Saturday,FALSE,afternoon,TRUE,-1.21,-1.25,paper,7,0,0
10,Saturday,FALSE,afternoon,TRUE,-1.21,-1.25,paper,8,L,1
10,Saturday,FALSE,afternoon,TRUE,-1.21,-1.25,paper,7,0,0
10,Saturday,FALSE,afternoon,TRUE,-1.21,-1.25,paper,10,0,0
1,Friday,TRUE,evening,TRUE,-0.31,0.35,paper,9,0,0
1,Friday,TRUE,evening,TRUE,-0.31,0.35,electronic,9.6,R,2
1,Friday,TRUE,evening,TRUE,-0.31,0.35,paper,7,0,0
1,Friday,TRUE,evening,TRUE,-0.31,0.35,electronic,10.2,0,0
1,Friday,TRUE,evening,TRUE,-0.31,0.35,electronic,8.2,0,0
1,Friday,TRUE,evening,TRUE,-0.31,0.35,electronic,10.5,H,2
1,Friday,TRUE,evening,TRUE,-0.31,0.35,paper,8,0,0
1,Friday,TRUE,evening,TRUE,-0.31,0.35,electronic,9.3,R,4
1,Friday,TRUE,evening,TRUE,-0.31,0.35,paper,10,0,0
1,Friday,TRUE,evening,TRUE,-0.31,0.35,paper,8,0,0
2,Friday,TRUE,evening,TRUE,-0.44,-0.46,paper,8,R,3
2,Friday,TRUE,evening,TRUE,-0.44,-0.46,electronic,10.5,0,0
2,Friday,TRUE,evening,TRUE,-0.44,-0.46,electronic,10.2,0,0
2,Friday,TRUE,evening,TRUE,-0.44,-0.46,paper,9,0,0
2,Friday,TRUE,evening,TRUE,-0.44,-0.46,electronic,9.4,L,2
2,Friday,TRUE,evening,TRUE,-0.44,-0.46,paper,8,T,3
2,Friday,TRUE,evening,TRUE,-0.44,-0.46,paper,7,0,0
2,Friday,TRUE,evening,TRUE,-0.44,-0.46,electronic,10.2,0,0
2,Friday,TRUE,evening,TRUE,-0.44,-0.46,electronic,10.3,0,0
2,Friday,TRUE,evening,TRUE,-0.44,-0.46,paper,7,0,0
3,Friday,TRUE,evening,TRUE,0.3,-1.04,electronic,9.7,L,2
3,Friday,TRUE,evening,TRUE,0.3,-1.04,paper,7,0,0
3,Friday,TRUE,evening,TRUE,0.3,-1.04,paper,9,0,0
3,Friday,TRUE,evening,TRUE,0.3,-1.04,electronic,10.8,0,0
3,Friday,TRUE,evening,TRUE,0.3,-1.04,paper,8,0,0
3,Friday,TRUE,evening,TRUE,0.3,-1.04,paper,8,0,0
3,Friday,TRUE,evening,TRUE,0.3,-1.04,electronic,10.6,0,0
3,Friday,TRUE,evening,TRUE,0.3,-1.04,electronic,9.7,0,0
3,Friday,TRUE,evening,TRUE,0.3,-1.04,paper,10,0,0
3,Friday,TRUE,evening,TRUE,0.3,-1.04,electronic,9.4,R,1
4,Friday,TRUE,evening,TRUE,-1.06,0.02,paper,9,0,0
4,Friday,TRUE,evening,TRUE,-1.06,0.02,paper,9,0,0
4,Friday,TRUE,evening,TRUE,-1.06,0.02,paper,10,0,0
4,Friday,TRUE,evening,TRUE,-1.06,0.02,paper,8,0,0
4,Friday,TRUE,evening,TRUE,-1.06,0.02,paper,10,0,0
4,Friday,TRUE,evening,TRUE,-1.06,0.02,paper,9,0,0
4,Friday,TRUE,evening,TRUE,-1.06,0.02,paper,10,L,2
4,Friday,TRUE,evening,TRUE,-1.06,0.02,electronic,9.3,0,0
4,Friday,TRUE,evening,TRUE,-1.06,0.02,electronic,10.3,0,0
4,Friday,TRUE,evening,TRUE,-1.06,0.02,paper,8,0,0
5,Friday,TRUE,evening,TRUE,-0.08,-1.1,paper,9,0,0
5,Friday,TRUE,evening,TRUE,-0.08,-1.1,electronic,9.4,T,1
5,Friday,TRUE,evening,TRUE,-0.08,-1.1,electronic,10,0,0
5,Friday,TRUE,evening,TRUE,-0.08,-1.1,paper,7,T,1
5,Friday,TRUE,evening,TRUE,-0.08,-1.1,paper,8,0,0
5,Friday,TRUE,evening,TRUE,-0.08,-1.1,paper,9,H,2
5,Friday,TRUE,evening,TRUE,-0.08,-1.1,electronic,10,0,0
5,Friday,TRUE,evening,TRUE,-0.08,-1.1,electronic,9.5,0,0
5,Friday,TRUE,evening,TRUE,-0.08,-1.1,electronic,9.3,0,0
5,Friday,TRUE,evening,TRUE,-0.08,-1.1,electronic,9.2,H,2
6,Friday,TRUE,evening,TRUE,-0.83,0.1,electronic,10,0,0
6,Friday,TRUE,evening,TRUE,-0.83,0.1,electronic,9.4,0,0
6,Friday,TRUE,evening,TRUE,-0.83,0.1,paper,9,0,0
6,Friday,TRUE,evening,TRUE,-0.83,0.1,electronic,9.3,0,0
6,Friday,TRUE,evening,TRUE,-0.83,0.1,paper,9,0,0
6,Friday,TRUE,evening,TRUE,-0.83,0.1,paper,10,0,0
6,Friday,TRUE,evening,TRUE,-0.83,0.1,electronic,10.5,0,0
6,Friday,TRUE,evening,TRUE,-0.83,0.1,electronic,10.2,L,2
6,Friday,TRUE,evening,TRUE,-0.83,0.1,paper,9,0,0
6,Friday,TRUE,evening,TRUE,-0.83,0.1,paper,7,0,0
7,Friday,TRUE,afternoon,TRUE,0.93,-1.05,electronic,10,0,0
7,Friday,TRUE,afternoon,TRUE,0.93,-1.05,paper,8,0,0
7,Friday,TRUE,afternoon,TRUE,0.93,-1.05,electronic,10.6,0,0
7,Friday,TRUE,afternoon,TRUE,0.93,-1.05,paper,10,0,0
7,Friday,TRUE,afternoon,TRUE,0.93,-1.05,electronic,10.8,0,0
7,Friday,TRUE,afternoon,TRUE,0.93,-1.05,paper,7,0,0
7,Friday,TRUE,afternoon,TRUE,0.93,-1.05,paper,9,0,0
7,Friday,TRUE,afternoon,TRUE,0.93,-1.05,paper,8,R,1
7,Friday,TRUE,afternoon,TRUE,0.93,-1.05,electronic,10.4,0,0
7,Friday,TRUE,afternoon,TRUE,0.93,-1.05,paper,7,0,0
8,Friday,TRUE,evening,TRUE,-0.17,-0.14,electronic,10.7,0,0
8,Friday,TRUE,evening,TRUE,-0.17,-0.14,paper,9,H,2
8,Friday,TRUE,evening,TRUE,-0.17,-0.14,paper,7,0,0
8,Friday,TRUE,evening,TRUE,-0.17,-0.14,paper,8,0,0
8,Friday,TRUE,evening,TRUE,-0.17,-0.14,electronic,10.5,0,0
8,Friday,TRUE,evening,TRUE,-0.17,-0.14,electronic,9.6,0,0
8,Friday,TRUE,evening,TRUE,-0.17,-0.14,electronic,10.8,0,0
8,Friday,TRUE,evening,TRUE,-0.17,-0.14,electronic,9.3,R,1
8,Friday,TRUE,evening,TRUE,-0.17,-0.14,electronic,9.5,0,0
8,Friday,TRUE,evening,TRUE,-0.17,-0.14,paper,8,0,0
9,Friday,TRUE,afternoon,TRUE,-1.19,0.71,paper,9,0,0
9,Friday,TRUE,afternoon,TRUE,-1.19,0.71,electronic,9.6,0,0
9,Friday,TRUE,afternoon,TRUE,-1.19,0.71,paper,9,0,0
9,Friday,TRUE,afternoon,TRUE,-1.19,0.71,paper,9,0,0
9,Friday,TRUE,afternoon,TRUE,-1.19,0.71,paper,7,L,4
9,Friday,TRUE,afternoon,TRUE,-1.19,0.71,paper,7,L,2
9,Friday,TRUE,afternoon,TRUE,-1.19,0.71,paper,7,0,0
9,Friday,TRUE,afternoon,TRUE,-1.19,0.71,electronic,9.8,0,0
9,Friday,TRUE,afternoon,TRUE,-1.19,0.71,electronic,10.2,0,0
9,Friday,TRUE,afternoon,TRUE,-1.19,0.71,electronic,7.9,0,0
10,Friday,TRUE,evening,TRUE,1.01,-0.48,electronic,9.7,0,0
10,Friday,TRUE,evening,TRUE,1.01,-0.48,electronic,9.3,0,0
10,Friday,TRUE,evening,TRUE,1.01,-0.48,paper,7,0,0
10,Friday,TRUE,evening,TRUE,1.01,-0.48,paper,7,T,2
10,Friday,TRUE,evening,TRUE,1.01,-0.48,paper,7,0,0
10,Friday,TRUE,evening,TRUE,1.01,-0.48,electronic,10.6,0,0
10,Friday,TRUE,evening,TRUE,1.01,-0.48,paper,9,T,1
10,Friday,TRUE,evening,TRUE,1.01,-0.48,electronic,9.7,0,0
10,Friday,TRUE,evening,TRUE,1.01,-0.48,electronic,10,0,0
10,Friday,TRUE,evening,TRUE,1.01,-0.48,electronic,10.4,0,0
1,Thursday,TRUE,afternoon,TRUE,0.98,-0.69,paper,7,0,0
1,Thursday,TRUE,afternoon,TRUE,0.98,-0.69,paper,9,H,1
1,Thursday,TRUE,afternoon,TRUE,0.98,-0.69,paper,10,0,0
1,Thursday,TRUE,afternoon,TRUE,0.98,-0.69,electronic,10.1,0,0
1,Thursday,TRUE,afternoon,TRUE,0.98,-0.69,paper,10,0,0
1,Thursday,TRUE,afternoon,TRUE,0.98,-0.69,electronic,10.4,0,0
1,Thursday,TRUE,afternoon,TRUE,0.98,-0.69,paper,8,0,0
1,Thursday,TRUE,afternoon,TRUE,0.98,-0.69,paper,9,0,0
1,Thursday,TRUE,afternoon,TRUE,0.98,-0.69,electronic,10.2,0,0
1,Thursday,TRUE,afternoon,TRUE,0.98,-0.69,paper,9,L,2
2,Thursday,TRUE,evening,TRUE,-1.01,0.08,electronic,10.5,0,0
2,Thursday,TRUE,evening,TRUE,-1.01,0.08,electronic,10,H,2
2,Thursday,TRUE,evening,TRUE,-1.01,0.08,electronic,9.7,0,0
2,Thursday,TRUE,evening,TRUE,-1.01,0.08,electronic,10.1,0,0
2,Thursday,TRUE,evening,TRUE,-1.01,0.08,electronic,10.5,0,0
2,Thursday,TRUE,evening,TRUE,-1.01,0.08,electronic,10.2,0,0
2,Thursday,TRUE,evening,TRUE,-1.01,0.08,electronic,10.5,0,0
2,Thursday,TRUE,evening,TRUE,-1.01,0.08,paper,10,0,0
2,Thursday,TRUE,evening,TRUE,-1.01,0.08,electronic,10.8,0,0
2,Thursday,TRUE,evening,TRUE,-1.01,0.08,electronic,10.2,0,0
3,Thursday,TRUE,evening,TRUE,-0.47,0.1,paper,9,0,0
3,Thursday,TRUE,evening,TRUE,-0.47,0.1,paper,8,0,0
3,Thursday,TRUE,evening,TRUE,-0.47,0.1,electronic,9.4,T,1
3,Thursday,TRUE,evening,TRUE,-0.47,0.1,paper,7,T,1
3,Thursday,TRUE,evening,TRUE,-0.47,0.1,electronic,10.7,0,0
3,Thursday,TRUE,evening,TRUE,-0.47,0.1,paper,9,R,1
3,Thursday,TRUE,evening,TRUE,-0.47,0.1,electronic,10.3,0,0
3,Thursday,TRUE,evening,TRUE,-0.47,0.1,electronic,9.2,R,2
3,Thursday,TRUE,evening,TRUE,-0.47,0.1,paper,8,0,0
3,Thursday,TRUE,evening,TRUE,-0.47,0.1,electronic,10.3,0,0
4,Thursday,TRUE,evening,TRUE,-1.03,0.42,electronic,8.3,R,2
4,Thursday,TRUE,evening,TRUE,-1.03,0.42,paper,8,0,0
4,Thursday,TRUE,evening,TRUE,-1.03,0.42,paper,7,H,3
4,Thursday,TRUE,evening,TRUE,-1.03,0.42,paper,7,0,0
4,Thursday,TRUE,evening,TRUE,-1.03,0.42,electronic,8.4,0,0
4,Thursday,TRUE,evening,TRUE,-1.03,0.42,paper,7,0,0
4,Thursday,TRUE,evening,TRUE,-1.03,0.42,electronic,9.3,0,0
4,Thursday,TRUE,evening,TRUE,-1.03,0.42,electronic,9.7,0,0
4,Thursday,TRUE,evening,TRUE,-1.03,0.42,paper,9,R,3
4,Thursday,TRUE,evening,TRUE,-1.03,0.42,paper,10,0,0
5,Thursday,TRUE,afternoon,TRUE,-0.44,0.69,electronic,10.8,0,0
5,Thursday,TRUE,afternoon,TRUE,-0.44,0.69,electronic,9.6,0,0
5,Thursday,TRUE,afternoon,TRUE,-0.44,0.69,paper,7,L,4
5,Thursday,TRUE,afternoon,TRUE,-0.44,0.69,paper,9,0,0
5,Thursday,TRUE,afternoon,TRUE,-0.44,0.69,electronic,9.6,0,0
5,Thursday,TRUE,afternoon,TRUE,-0.44,0.69,electronic,9.5,0,0
5,Thursday,TRUE,afternoon,TRUE,-0.44,0.69,electronic,9.8,0,0
5,Thursday,TRUE,afternoon,TRUE,-0.44,0.69,paper,7,R,1
5,Thursday,TRUE,afternoon,TRUE,-0.44,0.69,paper,8,0,0
5,Thursday,TRUE,afternoon,TRUE,-0.44,0.69,paper,7,0,0
6,Thursday,TRUE,evening,TRUE,0.59,0.94,electronic,9.8,0,0
6,Thursday,TRUE,evening,TRUE,0.59,0.94,electronic,10.4,0,0
6,Thursday,TRUE,evening,TRUE,0.59,0.94,paper,8,0,0
6,Thursday,TRUE,evening,TRUE,0.59,0.94,electronic,9.6,0,0
6,Thursday,TRUE,evening,TRUE,0.59,0.94,electronic,9.5,0,0
6,Thursday,TRUE,evening,TRUE,0.59,0.94,paper,7,0,0
6,Thursday,TRUE,evening,TRUE,0.59,0.94,paper,9,0,0
6,Thursday,TRUE,evening,TRUE,0.59,0.94,paper,9,0,0
6,Thursday,TRUE,evening,TRUE,0.59,0.94,paper,9,0,0
6,Thursday,TRUE,evening,TRUE,0.59,0.94,paper,10,0,0
7,Thursday,TRUE,evening,TRUE,0.23,1,paper,9,0,0
7,Thursday,TRUE,evening,TRUE,0.23,1,paper,9,0,0
7,Thursday,TRUE,evening,TRUE,0.23,1,electronic,9.5,0,0
7,Thursday,TRUE,evening,TRUE,0.23,1,electronic,10.3,L,2
7,Thursday,TRUE,evening,TRUE,0.23,1,electronic,10.4,R,2
7,Thursday,TRUE,evening,TRUE,0.23,1,paper,10,0,0
7,Thursday,TRUE,evening,TRUE,0.23,1,paper,10,0,0
7,Thursday,TRUE,evening,TRUE,0.23,1,paper,9,0,0
7,Thursday,TRUE,evening,TRUE,0.23,1,paper,10,0,0
7,Thursday,TRUE,evening,TRUE,0.23,1,electronic,9.5,0,0
8,Thursday,TRUE,afternoon,TRUE,0.61,0.11,electronic,9.9,0,0
8,Thursday,TRUE,afternoon,TRUE,0.61,0.11,electronic,10.3,0,0
8,Thursday,TRUE,afternoon,TRUE,0.61,0.11,electronic,9.3,0,0
8,Thursday,TRUE,afternoon,TRUE,0.61,0.11,paper,7,0,0
8,Thursday,TRUE,afternoon,TRUE,0.61,0.11,paper,7,H,3
8,Thursday,TRUE,afternoon,TRUE,0.61,0.11,paper,8,0,0
8,Thursday,TRUE,afternoon,TRUE,0.61,0.11,electronic,10.4,T,4
8,Thursday,TRUE,afternoon,TRUE,0.61,0.11,electronic,9.7,0,0
8,Thursday,TRUE,afternoon,TRUE,0.61,0.11,paper,8,0,0
8,Thursday,TRUE,afternoon,TRUE,0.61,0.11,paper,8,0,0
9,Thursday,TRUE,evening,TRUE,-0.04,0.57,paper,8,0,0
9,Thursday,TRUE,evening,TRUE,-0.04,0.57,paper,10,0,0
9,Thursday,TRUE,evening,TRUE,-0.04,0.57,paper,10,0,0
9,Thursday,TRUE,evening,TRUE,-0.04,0.57,paper,8,0,0
9,Thursday,TRUE,evening,TRUE,-0.04,0.57,paper,7,0,0
9,Thursday,TRUE,evening,TRUE,-0.04,0.57,electronic,9.6,0,0
9,Thursday,TRUE,evening,TRUE,-0.04,0.57,paper,8,0,0
9,Thursday,TRUE,evening,TRUE,-0.04,0.57,paper,10,0,0
9,Thursday,TRUE,evening,TRUE,-0.04,0.57,electronic,10.5,0,0
9,Thursday,TRUE,evening,TRUE,-0.04,0.57,paper,7,0,0
10,Thursday,TRUE,evening,TRUE,0.83,-1.1,paper,8,0,0
10,Thursday,TRUE,evening,TRUE,0.83,-1.1,electronic,9.3,0,0
10,Thursday,TRUE,evening,TRUE,0.83,-1.1,electronic,9.8,0,0
10,Thursday,TRUE,evening,TRUE,0.83,-1.1,paper,10,L,2
10,Thursday,TRUE,evening,TRUE,0.83,-1.1,paper,9,0,0
10,Thursday,TRUE,evening,TRUE,0.83,-1.1,electronic,10.9,0,0
10,Thursday,TRUE,evening,TRUE,0.83,-1.1,electronic,9.8,0,0
10,Thursday,TRUE,evening,TRUE,0.83,-1.1,electronic,9.7,0,0
10,Thursday,TRUE,evening,TRUE,0.83,-1.1,electronic,9.2,0,0
10,Thursday,TRUE,evening,TRUE,0.83,-1.1,paper,7,0,0
1,Saturday,FALSE,evening,TRUE,0.08,0.51,electronic,10.3,0,0
1,Saturday,FALSE,evening,TRUE,0.08,0.51,paper,9,0,0
1,Saturday,FALSE,evening,TRUE,0.08,0.51,paper,9,L,2
1,Saturday,FALSE,evening,TRUE,0.08,0.51,electronic,10.7,0,0
1,Saturday,FALSE,evening,TRUE,0.08,0.51,paper,10,0,0
1,Saturday,FALSE,evening,TRUE,0.08,0.51,paper,10,0,0
1,Saturday,FALSE,evening,TRUE,0.08,0.51,electronic,9.2,H,1
1,Saturday,FALSE,evening,TRUE,0.08,0.51,electronic,9.8,0,0
1,Saturday,FALSE,evening,TRUE,0.08,0.51,electronic,9.9,0,0
1,Saturday,FALSE,evening,TRUE,0.08,0.51,paper,8,0,0
2,Saturday,FALSE,afternoon,TRUE,-0.01,0.19,electronic,10.1,H,2
2,Saturday,FALSE,afternoon,TRUE,-0.01,0.19,electronic,10.3,0,0
2,Saturday,FALSE,afternoon,TRUE,-0.01,0.19,paper,8,0,0
2,Saturday,FALSE,afternoon,TRUE,-0.01,0.19,paper,9,0,0
2,Saturday,FALSE,afternoon,TRUE,-0.01,0.19,electronic,10.7,H,2
2,Saturday,FALSE,afternoon,TRUE,-0.01,0.19,electronic,9.3,0,0
2,Saturday,FALSE,afternoon,TRUE,-0.01,0.19,paper,10,0,0
2,Saturday,FALSE,afternoon,TRUE,-0.01,0.19,paper,7,0,0
2,Saturday,FALSE,afternoon,TRUE,-0.01,0.19,electronic,9.4,0,0
2,Saturday,FALSE,afternoon,TRUE,-0.01,0.19,electronic,10.1,0,0
3,Saturday,FALSE,afternoon,TRUE,0.05,0.87,paper,8,0,0
3,Saturday,FALSE,afternoon,TRUE,0.05,0.87,paper,9,0,0
3,Saturday,FALSE,afternoon,TRUE,0.05,0.87,electronic,9.5,0,0
3,Saturday,FALSE,afternoon,TRUE,0.05,0.87,paper,9,0,0
3,Saturday,FALSE,afternoon,TRUE,0.05,0.87,paper,10,0,0
3,Saturday,FALSE,afternoon,TRUE,0.05,0.87,electronic,10.1,0,0
3,Saturday,FALSE,afternoon,TRUE,0.05,0.87,electronic,9.6,0,0
3,Saturday,FALSE,afternoon,TRUE,0.05,0.87,paper,9,0,0
3,Saturday,FALSE,afternoon,TRUE,0.05,0.87,electronic,9.3,0,0
3,Saturday,FALSE,afternoon,TRUE,0.05,0.87,electronic,10.1,0,0
4,Saturday,FALSE,evening,TRUE,0.35,0.67,electronic,10.2,0,0
4,Saturday,FALSE,evening,TRUE,0.35,0.67,electronic,9.7,0,0
4,Saturday,FALSE,evening,TRUE,0.35,0.67,paper,8,0,0
4,Saturday,FALSE,evening,TRUE,0.35,0.67,paper,10,0,0
4,Saturday,FALSE,evening,TRUE,0.35,0.67,electronic,9.3,0,0
4,Saturday,FALSE,evening,TRUE,0.35,0.67,electronic,10,0,0
4,Saturday,FALSE,evening,TRUE,0.35,0.67,paper,8,0,0
4,Saturday,FALSE,evening,TRUE,0.35,0.67,electronic,10.2,R,1
4,Saturday,FALSE,evening,TRUE,0.35,0.67,paper,7,0,0
4,Saturday,FALSE,evening,TRUE,0.35,0.67,electronic,7.8,0,0
5,Saturday,FALSE,evening,TRUE,0.78,0.54,electronic,9.8,0,0
5,Saturday,FALSE,evening,TRUE,0.78,0.54,electronic,9.6,0,0
5,Saturday,FALSE,evening,TRUE,0.78,0.54,paper,7,0,0
5,Saturday,FALSE,evening,TRUE,0.78,0.54,electronic,10.5,0,0
5,Saturday,FALSE,evening,TRUE,0.78,0.54,electronic,9.4,H,2
5,Saturday,FALSE,evening,TRUE,0.78,0.54,paper,8,0,0
5,Saturday,FALSE,evening,TRUE,0.78,0.54,electronic,9.7,0,0
5,Saturday,FALSE,evening,TRUE,0.78,0.54,paper,10,0,0
5,Saturday,FALSE,evening,TRUE,0.78,0.54,paper,9,0,0
5,Saturday,FALSE,evening,TRUE,0.78,0.54,paper,7,0,0
6,Saturday,FALSE,evening,TRUE,0.7,-0.74,paper,10,0,0
6,Saturday,FALSE,evening,TRUE,0.7,-0.74,electronic,9.9,0,0
6,Saturday,FALSE,evening,TRUE,0.7,-0.74,electronic,10.6,0,0
6,Saturday,FALSE,evening,TRUE,0.7,-0.74,electronic,10.5,0,0
6,Saturday,FALSE,evening,TRUE,0.7,-0.74,paper,9,0,0
6,Saturday,FALSE,evening,TRUE,0.7,-0.74,paper,8,0,0
6,Saturday,FALSE,evening,TRUE,0.7,-0.74,paper,10,0,0
6,Saturday,FALSE,evening,TRUE,0.7,-0.74,paper,7,0,0
6,Saturday,FALSE,evening,TRUE,0.7,-0.74,electronic,10,0,0
6,Saturday,FALSE,evening,TRUE,0.7,-0.74,paper,9,0,0
7,Saturday,FALSE,afternoon,TRUE,-0.82,-0.03,electronic,8.7,0,0
7,Saturday,FALSE,afternoon,TRUE,-0.82,-0.03,paper,7,0,0
7,Saturday,FALSE,afternoon,TRUE,-0.82,-0.03,electronic,9.4,T,4
7,Saturday,FALSE,afternoon,TRUE,-0.82,-0.03,electronic,10.1,0,0
7,Saturday,FALSE,afternoon,TRUE,-0.82,-0.03,electronic,9.8,0,0
7,Saturday,FALSE,afternoon,TRUE,-0.82,-0.03,paper,10,0,0
7,Saturday,FALSE,afternoon,TRUE,-0.82,-0.03,electronic,9.8,0,0
7,Saturday,FALSE,afternoon,TRUE,-0.82,-0.03,electronic,10,H,2
7,Saturday,FALSE,afternoon,TRUE,-0.82,-0.03,electronic,9.7,0,0
7,Saturday,FALSE,afternoon,TRUE,-0.82,-0.03,paper,10,0,0
8,Saturday,FALSE,afternoon,TRUE,0.36,0.57,paper,9,0,0
8,Saturday,FALSE,afternoon,TRUE,0.36,0.57,paper,9,0,0
8,Saturday,FALSE,afternoon,TRUE,0.36,0.57,electronic,9.5,0,0
8,Saturday,FALSE,afternoon,TRUE,0.36,0.57,electronic,9.7,0,0
8,Saturday,FALSE,afternoon,TRUE,0.36,0.57,electronic,9.6,R,2
8,Saturday,FALSE,afternoon,TRUE,0.36,0.57,electronic,10.4,0,0
8,Saturday,FALSE,afternoon,TRUE,0.36,0.57,electronic,10.4,R,3
8,Saturday,FALSE,afternoon,TRUE,0.36,0.57,electronic,9.4,0,0
8,Saturday,FALSE,afternoon,TRUE,0.36,0.57,paper,9,0,0
8,Saturday,FALSE,afternoon,TRUE,0.36,0.57,electronic,9.3,0,0
9,Saturday,FALSE,evening,TRUE,0.31,0.38,electronic,9.5,0,0
9,Saturday,FALSE,evening,TRUE,0.31,0.38,paper,10,0,0
9,Saturday,FALSE,evening,TRUE,0.31,0.38,electronic,10.2,0,0
9,Saturday,FALSE,evening,TRUE,0.31,0.38,electronic,10,0,0
9,Saturday,FALSE,evening,TRUE,0.31,0.38,electronic,9.6,0,0
9,Saturday,FALSE,evening,TRUE,0.31,0.38,paper,10,0,0
9,Saturday,FALSE,evening,TRUE,0.31,0.38,paper,9,0,0
9,Saturday,FALSE,evening,TRUE,0.31,0.38,electronic,9.5,0,0
9,Saturday,FALSE,evening,TRUE,0.31,0.38,paper,9,0,0
9,Saturday,FALSE,evening,TRUE,0.31,0.38,electronic,9.6,0,0
10,Saturday,FALSE,evening,TRUE,0.72,0.66,paper,7,0,0
10,Saturday,FALSE,evening,TRUE,0.72,0.66,electronic,10.3,0,0
10,Saturday,FALSE,evening,TRUE,0.72,0.66,electronic,10,0,0
10,Saturday,FALSE,evening,TRUE,0.72,0.66,electronic,9.6,0,0
10,Saturday,FALSE,evening,TRUE,0.72,0.66,electronic,9.7,0,0
10,Saturday,FALSE,evening,TRUE,0.72,0.66,paper,7,0,0
10,Saturday,FALSE,evening,TRUE,0.72,0.66,electronic,9.7,0,0
10,Saturday,FALSE,evening,TRUE,0.72,0.66,electronic,10.1,0,0
10,Saturday,FALSE,evening,TRUE,0.72,0.66,electronic,10.1,0,0
10,Saturday,FALSE,evening,TRUE,0.72,0.66,electronic,9.8,H,1
1,Sunday,FALSE,evening,TRUE,-0.94,1.21,electronic,10.2,0,0
1,Sunday,FALSE,evening,TRUE,-0.94,1.21,paper,9,0,0
1,Sunday,FALSE,evening,TRUE,-0.94,1.21,paper,7,0,0
1,Sunday,FALSE,evening,TRUE,-0.94,1.21,paper,7,0,0
1,Sunday,FALSE,evening,TRUE,-0.94,1.21,paper,10,0,0
1,Sunday,FALSE,evening,TRUE,-0.94,1.21,electronic,10,0,0
1,Sunday,FALSE,evening,TRUE,-0.94,1.21,paper,9,0,0
1,Sunday,FALSE,evening,TRUE,-0.94,1.21,paper,8,0,0
1,Sunday,FALSE,evening,TRUE,-0.94,1.21,paper,8,0,0
1,Sunday,FALSE,evening,TRUE,-0.94,1.21,paper,8,0,0
2,Sunday,FALSE,afternoon,FALSE,-0.86,-0.44,paper,9,0,0
2,Sunday,FALSE,afternoon,FALSE,-0.86,-0.44,electronic,9.2,0,0
2,Sunday,FALSE,afternoon,FALSE,-0.86,-0.44,paper,8,0,0
2,Sunday,FALSE,afternoon,FALSE,-0.86,-0.44,electronic,8.6,0,0
2,Sunday,FALSE,afternoon,FALSE,-0.86,-0.44,paper,10,0,0
2,Sunday,FALSE,afternoon,FALSE,-0.86,-0.44,paper,10,0,0
2,Sunday,FALSE,afternoon,FALSE,-0.86,-0.44,paper,10,0,0
2,Sunday,FALSE,afternoon,FALSE,-0.86,-0.44,paper,7,0,0
2,Sunday,FALSE,afternoon,FALSE,-0.86,-0.44,electronic,10.3,0,0
2,Sunday,FALSE,afternoon,FALSE,-0.86,-0.44,paper,9,0,0
3,Sunday,FALSE,afternoon,TRUE,-0.33,-0.76,electronic,9.3,H,1
3,Sunday,FALSE,afternoon,TRUE,-0.33,-0.76,paper,8,0,0
3,Sunday,FALSE,afternoon,TRUE,-0.33,-0.76,electronic,9.5,0,0
3,Sunday,FALSE,afternoon,TRUE,-0.33,-0.76,electronic,10.5,0,0
3,Sunday,FALSE,afternoon,TRUE,-0.33,-0.76,electronic,10.3,0,0
3,Sunday,FALSE,afternoon,TRUE,-0.33,-0.76,electronic,9.7,0,0
3,Sunday,FALSE,afternoon,TRUE,-0.33,-0.76,paper,10,0,0
3,Sunday,FALSE,afternoon,TRUE,-0.33,-0.76,electronic,10.4,0,0
3,Sunday,FALSE,afternoon,TRUE,-0.33,-0.76,electronic,10.4,0,0
3,Sunday,FALSE,afternoon,TRUE,-0.33,-0.76,electronic,10,0,0
4,Sunday,FALSE,evening,TRUE,-0.22,1.14,paper,10,0,0
4,Sunday,FALSE,evening,TRUE,-0.22,1.14,electronic,9.2,0,0
4,Sunday,FALSE,evening,TRUE,-0.22,1.14,electronic,10.3,0,0
4,Sunday,FALSE,evening,TRUE,-0.22,1.14,paper,7,T,2
4,Sunday,FALSE,evening,TRUE,-0.22,1.14,electronic,9.6,0,0
4,Sunday,FALSE,evening,TRUE,-0.22,1.14,paper,10,0,0
4,Sunday,FALSE,evening,TRUE,-0.22,1.14,electronic,10,0,0
4,Sunday,FALSE,evening,TRUE,-0.22,1.14,electronic,9.7,0,0
4,Sunday,FALSE,evening,TRUE,-0.22,1.14,paper,10,0,0
4,Sunday,FALSE,evening,TRUE,-0.22,1.14,electronic,9.2,0,0
5,Sunday,FALSE,evening,TRUE,0.2,0.62,electronic,10.3,0,0
5,Sunday,FALSE,evening,TRUE,0.2,0.62,paper,8,0,0
5,Sunday,FALSE,evening,TRUE,0.2,0.62,electronic,9.8,0,0
5,Sunday,FALSE,evening,TRUE,0.2,0.62,electronic,10.4,R,2
5,Sunday,FALSE,evening,TRUE,0.2,0.62,paper,9,0,0
5,Sunday,FALSE,evening,TRUE,0.2,0.62,paper,10,0,0
5,Sunday,FALSE,evening,TRUE,0.2,0.62,electronic,9.4,0,0
5,Sunday,FALSE,evening,TRUE,0.2,0.62,electronic,9.3,0,0
5,Sunday,FALSE,evening,TRUE,0.2,0.62,paper,10,H,1
5,Sunday,FALSE,evening,TRUE,0.2,0.62,paper,8,0,0
6,Sunday,FALSE,evening,TRUE,0.07,-0.91,paper,7,0,0
6,Sunday,FALSE,evening,TRUE,0.07,-0.91,electronic,9.6,0,0
6,Sunday,FALSE,evening,TRUE,0.07,-0.91,electronic,9.5,0,0
6,Sunday,FALSE,evening,TRUE,0.07,-0.91,electronic,9.2,0,0
6,Sunday,FALSE,evening,TRUE,0.07,-0.91,electronic,8.9,0,0
6,Sunday,FALSE,evening,TRUE,0.07,-0.91,paper,10,H,1
6,Sunday,FALSE,evening,TRUE,0.07,-0.91,paper,7,0,0
6,Sunday,FALSE,evening,TRUE,0.07,-0.91,electronic,9.9,0,0
6,Sunday,FALSE,evening,TRUE,0.07,-0.91,paper,8,H,1
6,Sunday,FALSE,evening,TRUE,0.07,-0.91,paper,10,0,0
7,Sunday,FALSE,evening,FALSE,0.42,-1.19,paper,7,0,0
7,Sunday,FALSE,evening,FALSE,0.42,-1.19,paper,7,0,0
7,Sunday,FALSE,evening,FALSE,0.42,-1.19,electronic,10,0,0
7,Sunday,FALSE,evening,FALSE,0.42,-1.19,paper,7,0,0
7,Sunday,FALSE,evening,FALSE,0.42,-1.19,electronic,9.5,0,0
7,Sunday,FALSE,evening,FALSE,0.42,-1.19,electronic,10.4,R,2
7,Sunday,FALSE,evening,FALSE,0.42,-1.19,paper,8,R,1
7,Sunday,FALSE,evening,FALSE,0.42,-1.19,electronic,7.8,0,0
7,Sunday,FALSE,evening,FALSE,0.42,-1.19,paper,9,0,0
7,Sunday,FALSE,evening,FALSE,0.42,-1.19,paper,7,0,0
8,Sunday,FALSE,afternoon,TRUE,0.71,1.18,paper,8,0,0
8,Sunday,FALSE,afternoon,TRUE,0.71,1.18,electronic,9.2,0,0
8,Sunday,FALSE,afternoon,TRUE,0.71,1.18,electronic,10.2,0,0
8,Sunday,FALSE,afternoon,TRUE,0.71,1.18,paper,7,0,0
8,Sunday,FALSE,afternoon,TRUE,0.71,1.18,electronic,8.3,R,2
8,Sunday,FALSE,afternoon,TRUE,0.71,1.18,paper,10,0,0
8,Sunday,FALSE,afternoon,TRUE,0.71,1.18,electronic,10,0,0
8,Sunday,FALSE,afternoon,TRUE,0.71,1.18,paper,8,0,0
8,Sunday,FALSE,afternoon,TRUE,0.71,1.18,paper,7,0,0
8,Sunday,FALSE,afternoon,TRUE,0.71,1.18,paper,8,0,0
9,Sunday,FALSE,afternoon,TRUE,-0.85,0.16,paper,9,0,0
9,Sunday,FALSE,afternoon,TRUE,-0.85,0.16,paper,8,0,0
9,Sunday,FALSE,afternoon,TRUE,-0.85,0.16,paper,8,0,0
9,Sunday,FALSE,afternoon,TRUE,-0.85,0.16,electronic,10.5,0,0
9,Sunday,FALSE,afternoon,TRUE,-0.85,0.16,paper,9,0,0
9,Sunday,FALSE,afternoon,TRUE,-0.85,0.16,paper,7,0,0
9,Sunday,FALSE,afternoon,TRUE,-0.85,0.16,paper,9,R,2
9,Sunday,FALSE,afternoon,TRUE,-0.85,0.16,paper,10,0,0
9,Sunday,FALSE,afternoon,TRUE,-0.85,0.16,electronic,10.3,0,0
9,Sunday,FALSE,afternoon,TRUE,-0.85,0.16,paper,7,0,0
10,Sunday,FALSE,evening,TRUE,-0.78,1.2,paper,9,0,0
10,Sunday,FALSE,evening,TRUE,-0.78,1.2,electronic,10.5,T,2
10,Sunday,FALSE,evening,TRUE,-0.78,1.2,paper,7,0,0
10,Sunday,FALSE,evening,TRUE,-0.78,1.2,electronic,9.8,0,0
10,Sunday,FALSE,evening,TRUE,-0.78,1.2,paper,7,0,0
10,Sunday,FALSE,evening,TRUE,-0.78,1.2,paper,7,0,0
10,Sunday,FALSE,evening,TRUE,-0.78,1.2,electronic,10.3,0,0
10,Sunday,FALSE,evening,TRUE,-0.78,1.2,paper,10,L,1
10,Sunday,FALSE,evening,TRUE,-0.78,1.2,electronic,10,0,0
10,Sunday,FALSE,evening,TRUE,-0.78,1.2,paper,8,0,0
1,Thursday,TRUE,afternoon,TRUE,0.99,-0.46,electronic,10.7,H,1
1,Thursday,TRUE,afternoon,TRUE,0.99,-0.46,electronic,9.7,0,0
1,Thursday,TRUE,afternoon,TRUE,0.99,-0.46,paper,7,0,0
1,Thursday,TRUE,afternoon,TRUE,0.99,-0.46,paper,7,0,0
1,Thursday,TRUE,afternoon,TRUE,0.99,-0.46,electronic,9.6,0,0
1,Thursday,TRUE,afternoon,TRUE,0.99,-0.46,electronic,9.7,T,1
1,Thursday,TRUE,afternoon,TRUE,0.99,-0.46,paper,10,R,1
1,Thursday,TRUE,afternoon,TRUE,0.99,-0.46,paper,8,0,0
1,Thursday,TRUE,afternoon,TRUE,0.99,-0.46,paper,9,0,0
1,Thursday,TRUE,afternoon,TRUE,0.99,-0.46,electronic,9.4,0,0
2,Thursday,TRUE,evening,TRUE,-0.17,-0.19,paper,7,0,0
2,Thursday,TRUE,evening,TRUE,-0.17,-0.19,paper,7,0,0
2,Thursday,TRUE,evening,TRUE,-0.17,-0.19,paper,8,0,0
2,Thursday,TRUE,evening,TRUE,-0.17,-0.19,paper,10,0,0
2,Thursday,TRUE,evening,TRUE,-0.17,-0.19,electronic,9.9,0,0
2,Thursday,TRUE,evening,TRUE,-0.17,-0.19,paper,8,0,0
2,Thursday,TRUE,evening,TRUE,-0.17,-0.19,electronic,10.4,0,0
2,Thursday,TRUE,evening,TRUE,-0.17,-0.19,paper,8,0,0
2,Thursday,TRUE,evening,TRUE,-0.17,-0.19,electronic,9.6,0,0
2,Thursday,TRUE,evening,TRUE,-0.17,-0.19,electronic,10.1,0,0
3,Thursday,TRUE,afternoon,TRUE,-0.96,0.94,paper,10,0,0
3,Thursday,TRUE,afternoon,TRUE,-0.96,0.94,paper,8,L,1
3,Thursday,TRUE,afternoon,TRUE,-0.96,0.94,electronic,9.9,R,1
3,Thursday,TRUE,afternoon,TRUE,-0.96,0.94,electronic,10.3,0,0
3,Thursday,TRUE,afternoon,TRUE,-0.96,0.94,paper,8,0,0
3,Thursday,TRUE,afternoon,TRUE,-0.96,0.94,paper,10,0,0
3,Thursday,TRUE,afternoon,TRUE,-0.96,0.94,electronic,9.3,0,0
3,Thursday,TRUE,afternoon,TRUE,-0.96,0.94,electronic,9.5,0,0
3,Thursday,TRUE,afternoon,TRUE,-0.96,0.94,electronic,9.8,0,0
3,Thursday,TRUE,afternoon,TRUE,-0.96,0.94,paper,8,0,0
4,Thursday,TRUE,afternoon,TRUE,0.68,1.08,paper,8,0,0
4,Thursday,TRUE,afternoon,TRUE,0.68,1.08,electronic,9.8,0,0
4,Thursday,TRUE,afternoon,TRUE,0.68,1.08,electronic,10.7,0,0
4,Thursday,TRUE,afternoon,TRUE,0.68,1.08,electronic,10.5,R,2
4,Thursday,TRUE,afternoon,TRUE,0.68,1.08,electronic,8.9,0,0
4,Thursday,TRUE,afternoon,TRUE,0.68,1.08,electronic,9.9,0,0
4,Thursday,TRUE,afternoon,TRUE,0.68,1.08,electronic,9.6,0,0
4,Thursday,TRUE,afternoon,TRUE,0.68,1.08,paper,9,0,0
4,Thursday,TRUE,afternoon,TRUE,0.68,1.08,paper,9,0,0
4,Thursday,TRUE,afternoon,TRUE,0.68,1.08,electronic,9.9,0,0
5,Thursday,TRUE,evening,TRUE,-0.77,-0.05,electronic,10.9,0,0
5,Thursday,TRUE,evening,TRUE,-0.77,-0.05,electronic,10,0,0
5,Thursday,TRUE,evening,TRUE,-0.77,-0.05,paper,9,L,2
5,Thursday,TRUE,evening,TRUE,-0.77,-0.05,paper,10,0,0
5,Thursday,TRUE,evening,TRUE,-0.77,-0.05,electronic,9.3,0,0
5,Thursday,TRUE,evening,TRUE,-0.77,-0.05,electronic,8.3,0,0
5,Thursday,TRUE,evening,TRUE,-0.77,-0.05,paper,10,0,0
5,Thursday,TRUE,evening,TRUE,-0.77,-0.05,paper,9,0,0
5,Thursday,TRUE,evening,TRUE,-0.77,-0.05,electronic,10,H,3
5,Thursday,TRUE,evening,TRUE,-0.77,-0.05,paper,7,0,0
6,Thursday,TRUE,afternoon,TRUE,-0.14,-1.03,paper,8,0,0
6,Thursday,TRUE,afternoon,TRUE,-0.14,-1.03,electronic,9.7,0,0
6,Thursday,TRUE,afternoon,TRUE,-0.14,-1.03,paper,8,0,0
6,Thursday,TRUE,afternoon,TRUE,-0.14,-1.03,paper,7,0,0
6,Thursday,TRUE,afternoon,TRUE,-0.14,-1.03,paper,9,0,0
6,Thursday,TRUE,afternoon,TRUE,-0.14,-1.03,paper,10,0,0
6,Thursday,TRUE,afternoon,TRUE,-0.14,-1.03,electronic,10.1,0,0
6,Thursday,TRUE,afternoon,TRUE,-0.14,-1.03,paper,7,0,0
6,Thursday,TRUE,afternoon,TRUE,-0.14,-1.03,electronic,10.3,0,0
6,Thursday,TRUE,afternoon,TRUE,-0.14,-1.03,electronic,10,0,0
7,Thursday,TRUE,afternoon,TRUE,0.52,0.16,paper,8,0,0
7,Thursday,TRUE,afternoon,TRUE,0.52,0.16,paper,9,0,0
7,Thursday,TRUE,afternoon,TRUE,0.52,0.16,paper,8,0,0
7,Thursday,TRUE,afternoon,TRUE,0.52,0.16,electronic,9.5,0,0
7,Thursday,TRUE,afternoon,TRUE,0.52,0.16,paper,9,T,3
7,Thursday,TRUE,afternoon,TRUE,0.52,0.16,electronic,10.1,0,0
7,Thursday,TRUE,afternoon,TRUE,0.52,0.16,electronic,9.7,0,0
7,Thursday,TRUE,afternoon,TRUE,0.52,0.16,paper,8,0,0
7,Thursday,TRUE,afternoon,TRUE,0.52,0.16,electronic,8.6,0,0
7,Thursday,TRUE,afternoon,TRUE,0.52,0.16,electronic,9.2,0,0
8,Thursday,TRUE,evening,TRUE,0.04,-0.91,paper,10,0,0
8,Thursday,TRUE,evening,TRUE,0.04,-0.91,electronic,9,0,0
8,Thursday,TRUE,evening,TRUE,0.04,-0.91,electronic,10.1,0,0
8,Thursday,TRUE,evening,TRUE,0.04,-0.91,electronic,9.4,0,0
8,Thursday,TRUE,evening,TRUE,0.04,-0.91,electronic,9.6,0,0
8,Thursday,TRUE,evening,TRUE,0.04,-0.91,electronic,9.5,0,0
8,Thursday,TRUE,evening,TRUE,0.04,-0.91,electronic,9.6,0,0
8,Thursday,TRUE,evening,TRUE,0.04,-0.91,electronic,10.3,0,0
8,Thursday,TRUE,evening,TRUE,0.04,-0.91,electronic,10.2,0,0
8,Thursday,TRUE,evening,TRUE,0.04,-0.91,electronic,10.6,L,1
9,Thursday,TRUE,evening,TRUE,-0.78,1.07,electronic,10.7,0,0
9,Thursday,TRUE,evening,TRUE,-0.78,1.07,paper,7,0,0
9,Thursday,TRUE,evening,TRUE,-0.78,1.07,electronic,10.6,0,0
9,Thursday,TRUE,evening,TRUE,-0.78,1.07,paper,10,0,0
9,Thursday,TRUE,evening,TRUE,-0.78,1.07,electronic,9.6,0,0
9,Thursday,TRUE,evening,TRUE,-0.78,1.07,electronic,9.3,0,0
9,Thursday,TRUE,evening,TRUE,-0.78,1.07,electronic,10,0,0
9,Thursday,TRUE,evening,TRUE,-0.78,1.07,paper,7,0,0
9,Thursday,TRUE,evening,TRUE,-0.78,1.07,electronic,9,H,3
9,Thursday,TRUE,evening,TRUE,-0.78,1.07,electronic,9.6,H,1
10,Thursday,TRUE,afternoon,TRUE,1.11,-0.02,paper,10,0,0
10,Thursday,TRUE,afternoon,TRUE,1.11,-0.02,paper,10,0,0
10,Thursday,TRUE,afternoon,TRUE,1.11,-0.02,electronic,9.2,0,0
10,Thursday,TRUE,afternoon,TRUE,1.11,-0.02,electronic,9.4,0,0
10,Thursday,TRUE,afternoon,TRUE,1.11,-0.02,paper,10,0,0
10,Thursday,TRUE,afternoon,TRUE,1.11,-0.02,paper,7,0,0
10,Thursday,TRUE,afternoon,TRUE,1.11,-0.02,electronic,9.5,0,0
10,Thursday,TRUE,afternoon,TRUE,1.11,-0.02,electronic,9.6,0,0
10,Thursday,TRUE,afternoon,TRUE,1.11,-0.02,paper,10,0,0
10,Thursday,TRUE,afternoon,TRUE,1.11,-0.02,electronic,10.3,0,0
1,Thursday,TRUE,afternoon,TRUE,0.96,-1.11,electronic,10,0,0
1,Thursday,TRUE,afternoon,TRUE,0.96,-1.11,paper,9,0,0
1,Thursday,TRUE,afternoon,TRUE,0.96,-1.11,paper,9,0,0
1,Thursday,TRUE,afternoon,TRUE,0.96,-1.11,electronic,10.8,0,0
1,Thursday,TRUE,afternoon,TRUE,0.96,-1.11,electronic,10,0,0
1,Thursday,TRUE,afternoon,TRUE,0.96,-1.11,electronic,9.8,0,0
1,Thursday,TRUE,afternoon,TRUE,0.96,-1.11,electronic,10.4,R,1
1,Thursday,TRUE,afternoon,TRUE,0.96,-1.11,paper,7,0,0
1,Thursday,TRUE,afternoon,TRUE,0.96,-1.11,electronic,10.7,0,0
1,Thursday,TRUE,afternoon,TRUE,0.96,-1.11,paper,8,L,1
2,Thursday,TRUE,afternoon,FALSE,0.08,1,electronic,9.6,0,0
2,Thursday,TRUE,afternoon,FALSE,0.08,1,electronic,10.3,0,0
2,Thursday,TRUE,afternoon,FALSE,0.08,1,paper,7,0,0
2,Thursday,TRUE,afternoon,FALSE,0.08,1,paper,9,0,0
2,Thursday,TRUE,afternoon,FALSE,0.08,1,paper,7,0,0
2,Thursday,TRUE,afternoon,FALSE,0.08,1,paper,8,0,0
2,Thursday,TRUE,afternoon,FALSE,0.08,1,paper,10,0,0
2,Thursday,TRUE,afternoon,FALSE,0.08,1,paper,10,0,0
2,Thursday,TRUE,afternoon,FALSE,0.08,1,paper,10,L,1
2,Thursday,TRUE,afternoon,FALSE,0.08,1,electronic,10.1,0,0
3,Thursday,TRUE,afternoon,TRUE,0.38,-0.68,paper,8,T,3
3,Thursday,TRUE,afternoon,TRUE,0.38,-0.68,paper,10,0,0
3,Thursday,TRUE,afternoon,TRUE,0.38,-0.68,electronic,10.3,0,0
3,Thursday,TRUE,afternoon,TRUE,0.38,-0.68,paper,10,0,0
3,Thursday,TRUE,afternoon,TRUE,0.38,-0.68,electronic,10.1,0,0
3,Thursday,TRUE,afternoon,TRUE,0.38,-0.68,electronic,10.3,0,0
3,Thursday,TRUE,afternoon,TRUE,0.38,-0.68,paper,7,0,0
3,Thursday,TRUE,afternoon,TRUE,0.38,-0.68,electronic,9.4,H,1
3,Thursday,TRUE,afternoon,TRUE,0.38,-0.68,paper,10,H,1
3,Thursday,TRUE,afternoon,TRUE,0.38,-0.68,electronic,10,0,0
4,Thursday,TRUE,evening,TRUE,0.94,-0.35,paper,7,0,0
4,Thursday,TRUE,evening,TRUE,0.94,-0.35,electronic,10.4,0,0
4,Thursday,TRUE,evening,TRUE,0.94,-0.35,electronic,10.3,0,0
4,Thursday,TRUE,evening,TRUE,0.94,-0.35,paper,7,0,0
4,Thursday,TRUE,evening,TRUE,0.94,-0.35,paper,7,0,0
4,Thursday,TRUE,evening,TRUE,0.94,-0.35,paper,7,0,0
4,Thursday,TRUE,evening,TRUE,0.94,-0.35,electronic,9.3,0,0
4,Thursday,TRUE,evening,TRUE,0.94,-0.35,paper,7,H,2
4,Thursday,TRUE,evening,TRUE,0.94,-0.35,paper,10,T,4
4,Thursday,TRUE,evening,TRUE,0.94,-0.35,paper,8,0,0
5,Thursday,TRUE,afternoon,TRUE,-0.08,0.06,paper,8,0,0
5,Thursday,TRUE,afternoon,TRUE,-0.08,0.06,paper,10,0,0
5,Thursday,TRUE,afternoon,TRUE,-0.08,0.06,electronic,9.5,0,0
5,Thursday,TRUE,afternoon,TRUE,-0.08,0.06,electronic,10,0,0
5,Thursday,TRUE,afternoon,TRUE,-0.08,0.06,paper,7,0,0
5,Thursday,TRUE,afternoon,TRUE,-0.08,0.06,paper,8,0,0
5,Thursday,TRUE,afternoon,TRUE,-0.08,0.06,paper,7,L,2
5,Thursday,TRUE,afternoon,TRUE,-0.08,0.06,electronic,10.2,0,0
5,Thursday,TRUE,afternoon,TRUE,-0.08,0.06,electronic,9.7,0,0
5,Thursday,TRUE,afternoon,TRUE,-0.08,0.06,electronic,10.1,0,0
6,Thursday,TRUE,afternoon,TRUE,1.23,-0.54,paper,10,0,0
6,Thursday,TRUE,afternoon,TRUE,1.23,-0.54,electronic,9.8,0,0
6,Thursday,TRUE,afternoon,TRUE,1.23,-0.54,paper,7,0,0
6,Thursday,TRUE,afternoon,TRUE,1.23,-0.54,electronic,9.5,0,0
6,Thursday,TRUE,afternoon,TRUE,1.23,-0.54,electronic,8.7,0,0
6,Thursday,TRUE,afternoon,TRUE,1.23,-0.54,electronic,9.8,0,0
6,Thursday,TRUE,afternoon,TRUE,1.23,-0.54,electronic,9.5,0,0
6,Thursday,TRUE,afternoon,TRUE,1.23,-0.54,electronic,10.7,L,3
6,Thursday,TRUE,afternoon,TRUE,1.23,-0.54,paper,7,0,0
6,Thursday,TRUE,afternoon,TRUE,1.23,-0.54,electronic,9.5,0,0
7,Thursday,TRUE,evening,TRUE,-1.19,1.17,electronic,9.5,0,0
7,Thursday,TRUE,evening,TRUE,-1.19,1.17,electronic,10.5,0,0
7,Thursday,TRUE,evening,TRUE,-1.19,1.17,electronic,9.5,0,0
7,Thursday,TRUE,evening,TRUE,-1.19,1.17,paper,9,0,0
7,Thursday,TRUE,evening,TRUE,-1.19,1.17,electronic,9.6,0,0
7,Thursday,TRUE,evening,TRUE,-1.19,1.17,paper,7,0,0
7,Thursday,TRUE,evening,TRUE,-1.19,1.17,electronic,10,0,0
7,Thursday,TRUE,evening,TRUE,-1.19,1.17,paper,10,L,3
7,Thursday,TRUE,evening,TRUE,-1.19,1.17,paper,7,0,0
7,Thursday,TRUE,evening,TRUE,-1.19,1.17,electronic,10.5,0,0
8,Thursday,TRUE,evening,TRUE,0.17,-0.55,electronic,10.6,0,0
8,Thursday,TRUE,evening,TRUE,0.17,-0.55,paper,9,0,0
8,Thursday,TRUE,evening,TRUE,0.17,-0.55,electronic,10.1,0,0
8,Thursday,TRUE,evening,TRUE,0.17,-0.55,paper,10,0,0
8,Thursday,TRUE,evening,TRUE,0.17,-0.55,electronic,9.5,L,4
8,Thursday,TRUE,evening,TRUE,0.17,-0.55,electronic,10.3,0,0
8,Thursday,TRUE,evening,TRUE,0.17,-0.55,electronic,9.5,0,0
8,Thursday,TRUE,evening,TRUE,0.17,-0.55,paper,10,0,0
8,Thursday,TRUE,evening,TRUE,0.17,-0.55,paper,7,0,0
8,Thursday,TRUE,evening,TRUE,0.17,-0.55,electronic,10.4,0,0
9,Thursday,TRUE,afternoon,TRUE,-0.31,1.04,electronic,10.5,0,0
9,Thursday,TRUE,afternoon,TRUE,-0.31,1.04,paper,10,0,0
9,Thursday,TRUE,afternoon,TRUE,-0.31,1.04,electronic,9.5,0,0
9,Thursday,TRUE,afternoon,TRUE,-0.31,1.04,electronic,10,0,0
9,Thursday,TRUE,afternoon,TRUE,-0.31,1.04,electronic,9.5,0,0
9,Thursday,TRUE,afternoon,TRUE,-0.31,1.04,paper,9,0,0
9,Thursday,TRUE,afternoon,TRUE,-0.31,1.04,electronic,10.5,0,0
9,Thursday,TRUE,afternoon,TRUE,-0.31,1.04,paper,9,0,0
9,Thursday,TRUE,afternoon,TRUE,-0.31,1.04,electronic,10.6,0,0
9,Thursday,TRUE,afternoon,TRUE,-0.31,1.04,electronic,9.4,0,0
10,Thursday,TRUE,afternoon,TRUE,-0.19,0.9,electronic,9.6,0,0
10,Thursday,TRUE,afternoon,TRUE,-0.19,0.9,electronic,10.1,0,0
10,Thursday,TRUE,afternoon,TRUE,-0.19,0.9,paper,10,0,0
10,Thursday,TRUE,afternoon,TRUE,-0.19,0.9,paper,10,0,0
10,Thursday,TRUE,afternoon,TRUE,-0.19,0.9,electronic,9.5,0,0
10,Thursday,TRUE,afternoon,TRUE,-0.19,0.9,electronic,10.5,R,1
10,Thursday,TRUE,afternoon,TRUE,-0.19,0.9,electronic,9.2,0,0
10,Thursday,TRUE,afternoon,TRUE,-0.19,0.9,paper,7,0,0
10,Thursday,TRUE,afternoon,TRUE,-0.19,0.9,paper,9,0,0
10,Thursday,TRUE,afternoon,TRUE,-0.19,0.9,electronic,9.8,0,0
1,Thursday,TRUE,evening,TRUE,-0.59,0.32,electronic,9.5,0,0
1,Thursday,TRUE,evening,TRUE,-0.59,0.32,paper,9,0,0
1,Thursday,TRUE,evening,TRUE,-0.59,0.32,paper,9,L,2
1,Thursday,TRUE,evening,TRUE,-0.59,0.32,electronic,10.3,0,0
1,Thursday,TRUE,evening,TRUE,-0.59,0.32,paper,8,0,0
1,Thursday,TRUE,evening,TRUE,-0.59,0.32,paper,8,0,0
1,Thursday,TRUE,evening,TRUE,-0.59,0.32,electronic,8.4,L,4
1,Thursday,TRUE,evening,TRUE,-0.59,0.32,electronic,10.1,0,0
1,Thursday,TRUE,evening,TRUE,-0.59,0.32,paper,7,0,0
1,Thursday,TRUE,evening,TRUE,-0.59,0.32,electronic,10,0,0
2,Thursday,TRUE,evening,TRUE,0.17,-1.07,electronic,10.9,0,0
2,Thursday,TRUE,evening,TRUE,0.17,-1.07,electronic,9.5,0,0
2,Thursday,TRUE,evening,TRUE,0.17,-1.07,paper,10,0,0
2,Thursday,TRUE,evening,TRUE,0.17,-1.07,electronic,10.5,0,0
2,Thursday,TRUE,evening,TRUE,0.17,-1.07,electronic,10.4,0,0
2,Thursday,TRUE,evening,TRUE,0.17,-1.07,paper,10,0,0
2,Thursday,TRUE,evening,TRUE,0.17,-1.07,paper,8,0,0
2,Thursday,TRUE,evening,TRUE,0.17,-1.07,electronic,9.7,0,0
2,Thursday,TRUE,evening,TRUE,0.17,-1.07,paper,7,0,0
2,Thursday,TRUE,evening,TRUE,0.17,-1.07,paper,10,0,0
3,Thursday,TRUE,afternoon,TRUE,-0.99,0.35,electronic,10.4,0,0
3,Thursday,TRUE,afternoon,TRUE,-0.99,0.35,electronic,9.8,0,0
3,Thursday,TRUE,afternoon,TRUE,-0.99,0.35,paper,8,0,0
3,Thursday,TRUE,afternoon,TRUE,-0.99,0.35,paper,9,0,0
3,Thursday,TRUE,afternoon,TRUE,-0.99,0.35,paper,9,H,3
3,Thursday,TRUE,afternoon,TRUE,-0.99,0.35,paper,9,0,0
3,Thursday,TRUE,afternoon,TRUE,-0.99,0.35,electronic,10.5,0,0
3,Thursday,TRUE,afternoon,TRUE,-0.99,0.35,electronic,10.2,0,0
3,Thursday,TRUE,afternoon,TRUE,-0.99,0.35,electronic,9.3,0,0
3,Thursday,TRUE,afternoon,TRUE,-0.99,0.35,paper,9,0,0
4,Thursday,TRUE,afternoon,TRUE,0.93,-1.12,paper,7,0,0
4,Thursday,TRUE,afternoon,TRUE,0.93,-1.12,electronic,10.3,0,0
4,Thursday,TRUE,afternoon,TRUE,0.93,-1.12,electronic,10.3,R,1
4,Thursday,TRUE,afternoon,TRUE,0.93,-1.12,paper,10,0,0
4,Thursday,TRUE,afternoon,TRUE,0.93,-1.12,electronic,10.8,0,0
4,Thursday,TRUE,afternoon,TRUE,0.93,-1.12,electronic,10,0,0
4,Thursday,TRUE,afternoon,TRUE,0.93,-1.12,electronic,10.6,0,0
4,Thursday,TRUE,afternoon,TRUE,0.93,-1.12,paper,8,0,0
4,Thursday,TRUE,afternoon,TRUE,0.93,-1.12,paper,9,0,0
4,Thursday,TRUE,afternoon,TRUE,0.93,-1.12,paper,7,0,0
5,Thursday,TRUE,evening,TRUE,0.69,-0.21,electronic,9.7,R,2
5,Thursday,TRUE,evening,TRUE,0.69,-0.21,electronic,9.6,0,0
5,Thursday,TRUE,evening,TRUE,0.69,-0.21,electronic,10.5,L,1
5,Thursday,TRUE,evening,TRUE,0.69,-0.21,electronic,10.5,0,0
5,Thursday,TRUE,evening,TRUE,0.69,-0.21,paper,9,0,0
5,Thursday,TRUE,evening,TRUE,0.69,-0.21,electronic,10.6,0,0
5,Thursday,TRUE,evening,TRUE,0.69,-0.21,paper,7,0,0
5,Thursday,TRUE,evening,TRUE,0.69,-0.21,paper,7,0,0
5,Thursday,TRUE,evening,TRUE,0.69,-0.21,paper,10,H,2
5,Thursday,TRUE,evening,TRUE,0.69,-0.21,paper,8,0,0
6,Thursday,TRUE,afternoon,TRUE,-0.5,-0.46,paper,9,0,0
6,Thursday,TRUE,afternoon,TRUE,-0.5,-0.46,electronic,10.3,0,0
6,Thursday,TRUE,afternoon,TRUE,-0.5,-0.46,electronic,10,0,0
6,Thursday,TRUE,afternoon,TRUE,-0.5,-0.46,electronic,9.7,0,0
6,Thursday,TRUE,afternoon,TRUE,-0.5,-0.46,electronic,10.8,0,0
6,Thursday,TRUE,afternoon,TRUE,-0.5,-0.46,paper,8,0,0
6,Thursday,TRUE,afternoon,TRUE,-0.5,-0.46,paper,7,0,0
6,Thursday,TRUE,afternoon,TRUE,-0.5,-0.46,electronic,9.8,0,0
6,Thursday,TRUE,afternoon,TRUE,-0.5,-0.46,paper,9,0,0
6,Thursday,TRUE,afternoon,TRUE,-0.5,-0.46,paper,10,R,2
7,Thursday,TRUE,evening,TRUE,0.29,-0.39,paper,9,0,0
7,Thursday,TRUE,evening,TRUE,0.29,-0.39,paper,9,T,1
7,Thursday,TRUE,evening,TRUE,0.29,-0.39,electronic,10.4,0,0
7,Thursday,TRUE,evening,TRUE,0.29,-0.39,paper,10,0,0
7,Thursday,TRUE,evening,TRUE,0.29,-0.39,electronic,10.4,0,0
7,Thursday,TRUE,evening,TRUE,0.29,-0.39,paper,9,0,0
7,Thursday,TRUE,evening,TRUE,0.29,-0.39,paper,10,0,0
7,Thursday,TRUE,evening,TRUE,0.29,-0.39,electronic,10.5,0,0
7,Thursday,TRUE,evening,TRUE,0.29,-0.39,paper,9,0,0
7,Thursday,TRUE,evening,TRUE,0.29,-0.39,electronic,10.4,0,0
8,Thursday,TRUE,evening,TRUE,1.23,-0.06,electronic,9.3,H,2
8,Thursday,TRUE,evening,TRUE,1.23,-0.06,electronic,8,0,0
8,Thursday,TRUE,evening,TRUE,1.23,-0.06,paper,9,0,0
8,Thursday,TRUE,evening,TRUE,1.23,-0.06,electronic,10.4,0,0
8,Thursday,TRUE,evening,TRUE,1.23,-0.06,paper,7,0,0
8,Thursday,TRUE,evening,TRUE,1.23,-0.06,electronic,10.4,H,2
8,Thursday,TRUE,evening,TRUE,1.23,-0.06,electronic,10.4,H,1
8,Thursday,TRUE,evening,TRUE,1.23,-0.06,electronic,9.7,0,0
8,Thursday,TRUE,evening,TRUE,1.23,-0.06,electronic,10.3,0,0
8,Thursday,TRUE,evening,TRUE,1.23,-0.06,electronic,9.2,0,0
9,Thursday,TRUE,evening,TRUE,-0.58,-1.2,electronic,10.1,0,0
9,Thursday,TRUE,evening,TRUE,-0.58,-1.2,paper,8,0,0
9,Thursday,TRUE,evening,TRUE,-0.58,-1.2,paper,10,0,0
9,Thursday,TRUE,evening,TRUE,-0.58,-1.2,electronic,10.6,0,0
9,Thursday,TRUE,evening,TRUE,-0.58,-1.2,electronic,9.3,0,0
9,Thursday,TRUE,evening,TRUE,-0.58,-1.2,electronic,10.2,0,0
9,Thursday,TRUE,evening,TRUE,-0.58,-1.2,electronic,9.5,0,0
9,Thursday,TRUE,evening,TRUE,-0.58,-1.2,electronic,10.3,0,0
9,Thursday,TRUE,evening,TRUE,-0.58,-1.2,paper,9,0,0
9,Thursday,TRUE,evening,TRUE,-0.58,-1.2,electronic,9.8,0,0
10,Thursday,TRUE,afternoon,TRUE,-1.12,-0.45,electronic,9.9,0,0
10,Thursday,TRUE,afternoon,TRUE,-1.12,-0.45,electronic,9.6,0,0
10,Thursday,TRUE,afternoon,TRUE,-1.12,-0.45,paper,8,0,0
10,Thursday,TRUE,afternoon,TRUE,-1.12,-0.45,electronic,10.2,R,2
10,Thursday,TRUE,afternoon,TRUE,-1.12,-0.45,paper,8,0,0
10,Thursday,TRUE,afternoon,TRUE,-1.12,-0.45,electronic,9.9,0,0
10,Thursday,TRUE,afternoon,TRUE,-1.12,-0.45,electronic,10.1,0,0
10,Thursday,TRUE,afternoon,TRUE,-1.12,-0.45,paper,9,0,0
10,Thursday,TRUE,afternoon,TRUE,-1.12,-0.45,electronic,9.3,0,0
10,Thursday,TRUE,afternoon,TRUE,-1.12,-0.45,electronic,8.3,0,0
